Brock,Golden,2010-05-27
Chloe,Golden,1931-09-27
Rayan,Estes,1993-08-31
Fatima,Velasquez,1932-09-29
Alessandro,Bender,2021-03-13
Kamila,Stanton,1978-10-12
Maxim,Munoz,1969-11-16
Messiah,Chaney,2001-03-14
Raina,Daniel,1933-07-09
Dayanara,Medina,1989-06-13
Lillian,Cowan,1985-01-18
Isaac,Merritt,1927-03-18
Dallas,Meyers,1979-09-04
Skyler,Duncan,1981-10-24
Diya,Hines,1945-03-24
Frank,Gross,1969-04-05
Alyson,Blackburn,2006-09-13
Monica,Arnold,2006-08-22
Rudy,Bullock,1999-06-23
Brendon,Ross,1957-07-28
Lucia,Conrad,1982-07-06
Mackenzie,Shelton,1963-08-04
Molly,Pruitt,1978-10-05
Maddox,Lopez,2000-01-15
Brayden,Nash,1996-04-27
Ellie,Reed,1992-10-22
Salvador,Fleming,1956-01-17
Jordyn,Juarez,1997-09-13
Mylee,Rush,1957-02-13
Lennon,Ferrell,1971-11-20
Finley,Singh,1939-12-24
Haylee,Warren,1931-07-24
Makaila,Gonzales,1947-08-20
Eileen,Mccall,1971-12-04
Everett,Underwood,1989-05-14
Paisley,Alvarez,2007-03-08
Cara,Bond,1994-04-19
Marisol,Sanchez,2011-06-20
Emily,Santana,1942-01-10
Keshawn,Garner,1965-06-29
Roderick,Cummings,2013-04-10
Zion,Baird,2012-03-24
Aniyah,Camacho,1931-10-24
Efrain,Rogers,2019-06-27
Amya,Harper,2010-05-22
Eileen,Reid,1970-07-29
Ismael,Baird,2011-07-27
Brennen,Waters,2017-02-01
Alia,Alvarez,1953-12-03
Turner,Tucker,2018-04-17
Cyrus,Key,1989-09-28
Gabriella,Simon,1934-08-28
Hunter,Gill,1984-11-23
Kolton,Brennan,2007-03-07
Jamar,Greer,2017-10-23
Odin,Vance,1959-04-16
Pierce,Richard,2013-01-31
Iyana,Mosley,1993-02-27
Taliyah,Shaffer,2005-03-31
Landen,Mahoney,1984-08-01
Arianna,Carroll,1973-09-15
Erin,Bullock,1922-06-29
Kason,Kemp,1968-09-23
Porter,Watson,1930-05-05
Aryana,Wade,1972-03-09
Stephanie,Fritz,2004-02-14
Veronica,Gaines,2021-11-13
Riya,Melendez,1937-05-18
Maci,Gomez,2006-08-26
Heaven,Everett,1965-03-26
Ashlynn,Solis,1928-08-27
Marin,Spencer,1965-06-24
London,Marsh,1920-05-02
Makhi,Alvarado,1954-02-13
Cassidy,Bryan,2019-11-28
Elyse,Wood,1964-02-29
Leyla,Zavala,2012-12-12
Alisa,Washington,1977-12-13
Ashlyn,Mcknight,1943-08-29
Addyson,Roy,1960-11-16
Hadassah,Mcdaniel,1943-10-31
Kaylie,Stone,1933-09-22
Rodney,Mcdonald,1936-11-06
Essence,Weaver,1979-03-27
Zoe,Carson,2004-11-02
Ricky,Cordova,2011-01-24
Max,Werner,1932-08-01
Korbin,Ponce,2020-10-25
Kyler,Benjamin,1933-09-20
Gordon,Petersen,2014-07-29
Jazlyn,Jensen,1960-10-06
Chaya,Ballard,1972-05-05
Averie,Barron,1947-11-25
Lillian,Yoder,1938-05-18
Javon,Cummings,1958-08-24
Alexia,Best,2003-10-02
Thaddeus,Flowers,1977-12-02
Gretchen,Frederick,1987-05-26
Anika,Gillespie,2004-12-09
Lucille,Cooke,1992-09-24
Brogan,Salas,1943-05-30
Bailey,Contreras,1944-11-11
Dania,Stone,1994-06-28
Jordan,Patel,1967-07-16
Timothy,Barnes,1934-09-17
Journey,Marsh,1988-02-21
Henry,Dennis,1948-10-17
Annalise,Harris,1921-11-27
Helen,Hendricks,1940-11-07
Billy,Rowe,1931-05-03
Lorena,Bell,1984-04-23
Mya,Mckee,1955-12-17
Quincy,Reynolds,1986-07-25
Gerardo,Gay,1972-08-09
Jaylon,Winters,2016-06-15
Howard,Rojas,1958-06-08
Isabel,Bray,1987-01-09
Phillip,Zavala,2009-04-15
Armani,Salinas,1986-12-25
Shaylee,Knox,2005-07-29
Kai,Carey,2014-04-07
Jaden,Shields,1936-05-13
Elliott,Kemp,1948-11-08
Nylah,Cortez,1957-11-17
Adalyn,Hall,1934-03-31
Blake,Pitts,1957-03-31
Jax,Garcia,2003-04-03
Tyrone,Jackson,1945-08-06
Trevon,Wallace,1975-09-03
Eduardo,Townsend,1922-07-27
Roman,Robinson,1955-10-30
Alfonso,Fuentes,2016-12-13
Chelsea,Kennedy,1933-01-21
Deborah,Humphrey,1961-10-18
Collin,Stevenson,1949-11-04
Seamus,Greene,1977-06-24
Marlie,Chan,1951-11-11
Parker,Fox,1995-01-19
Arthur,French,1934-10-06
Andrew,Campbell,1951-12-22
Andrew,Acevedo,2003-07-07
Chasity,Hendricks,1971-05-10
Zariah,Combs,1946-03-13
Selina,Glover,2006-04-04
Gillian,Mejia,2020-09-02
Jakobe,Dawson,1933-08-15
Jazlynn,Colon,1968-02-02
Jeremiah,Mcgee,1946-07-04
Liliana,Rios,1983-03-31
Nathaly,Mccarty,1993-09-11
Brennan,Wong,1978-01-19
Quentin,Macias,1948-01-08
Brock,Mcconnell,1937-10-05
Aracely,Walters,1980-02-07
Ali,Murillo,2005-03-05
Eva,Watts,1949-09-04
Theresa,Odonnell,1983-05-12
Keon,Johns,1970-06-24
Nolan,Malone,1963-06-09
Cullen,Sims,1971-05-12
Robert,Chung,1950-01-04
Chelsea,Page,2006-05-24
Lena,Jones,1922-03-04
Jazlene,Horn,1978-08-25
Greta,Velazquez,1929-05-14
Ivan,Walter,1934-02-14
Dayton,Bentley,1922-08-30
Neveah,Everett,1984-09-15
Phoenix,Pierce,2013-10-31
Chasity,Young,1955-04-25
Oswaldo,Chaney,1950-08-02
Clayton,Hancock,1939-05-14
Adrian,Oneill,1994-09-10
Bruce,Wall,1944-01-28
Hope,Zavala,2019-08-29
Hailey,Larsen,2001-01-31
Ryan,Phillips,1948-04-16
Leanna,Montgomery,1940-03-25
Cheyanne,Huynh,1979-09-14
Roy,Pineda,1979-10-20
Zara,Pennington,1932-04-29
Esther,Christian,1924-09-16
Jean,Duarte,1938-05-01
Maverick,Nash,1956-12-21
Ivan,Clay,1937-10-22
Ethen,Brock,1943-12-04
Kolby,Holmes,1993-02-11
Kendall,Bailey,1984-03-15
Cara,Matthews,1980-05-09
Cade,Forbes,1992-04-01
Lyric,Garrison,1932-04-29
Leah,Sanford,1933-08-04
Elizabeth,Williams,1974-11-13
Prince,Shaffer,1950-09-20
Amelie,Watts,1987-08-11
Lindsay,Henderson,1993-07-31
Saniyah,Gross,1991-11-21
Amare,Ayala,1948-10-21
Cheyenne,Marquez,1997-10-19
Kolton,Newman,1933-08-23
Cassidy,Farley,1995-03-30
Mathias,Howell,1928-07-27
Alessandra,Mccann,2006-11-30
Aydan,Wallace,2009-10-16
Calvin,Sexton,1995-06-01
Justice,Snyder,1938-12-08
Lilah,Peters,1993-11-14
Edith,Acevedo,1945-11-17
Zane,Davidson,2001-11-19
Zaniyah,Green,1981-12-18
Mark,Dixon,2000-10-01
Camren,Salas,2014-05-26
Cierra,Harrington,1927-11-07
Bryan,Sellers,2002-03-27
Peyton,Bryant,1982-08-26
Lucy,Cervantes,1994-12-04
Julie,Mcdonald,2000-08-28
Camilla,Decker,1942-01-30
Haleigh,Hicks,2006-07-29
Axel,Hartman,1997-11-04
Julio,Cameron,1931-03-23
Kieran,Colon,2000-04-01
Nathalia,Shaw,1987-02-27
Miguel,Norris,1923-02-19
Case,Riggs,1947-04-09
Liam,Lewis,1991-04-26
Kiera,Craig,1978-03-26
Daniel,Bush,1924-08-12
Demarcus,Morrison,1961-05-14
Sammy,Sims,1958-04-04
Davian,Reyes,1928-03-02
Elise,Patton,1936-12-28
Colt,Buckley,1972-03-16
Braylen,Watts,1971-08-29
Wyatt,Martin,2012-01-05
Kendrick,Watkins,1946-01-10
Zaniyah,Madden,1941-04-09
Hadassah,Burke,1947-02-24
Corey,Stokes,2016-11-12
Zariah,Hutchinson,1970-03-16
Josie,Hill,1978-09-19
Raiden,Mckee,1921-01-21
Broderick,Jimenez,2008-05-17
Beau,Rogers,1933-07-13
Kaylie,Parrish,2002-05-09
Addison,Garrett,2014-01-23
Lyric,Watts,1935-07-01
Jade,Patel,2007-03-12
Madisyn,Levine,2004-05-02
Amare,Ritter,1983-06-08
Kayla,Goodwin,1949-08-13
Corbin,Lowery,2005-08-20
Israel,Bird,1974-11-16
Duncan,Bailey,2011-12-05
Ashley,Spence,1966-08-13
Yair,Haynes,1921-01-24
Nicholas,Branch,1948-11-01
Fisher,Calderon,1980-11-29
Davin,Washington,1979-10-08
Macy,Todd,2017-02-26
Briley,Gay,2009-11-01
Javier,Erickson,1942-10-13
Jadyn,Jordan,1971-10-02
Rhett,Carney,1970-09-23
Irvin,Camacho,1922-05-17
Myla,Hubbard,1952-06-25
Chelsea,Patton,1997-05-08
Walter,Tapia,1995-02-23
Elaina,Dean,1924-12-18
Karly,Rocha,1965-10-07
Lydia,Chan,1931-12-09
Mary,Hutchinson,2006-12-26
Isai,Ware,1985-11-11
Baron,Rojas,1974-04-21
Braylon,Mcdonald,1967-04-08
Stacy,Suarez,2014-02-12
Derek,Beck,1948-05-09
Abril,Rowland,1974-09-18
Isai,Schneider,2001-08-20
Sawyer,Wheeler,1972-02-21
Israel,Griffin,1982-12-11
Andreas,Bell,2014-03-18
Kayley,Villa,1971-10-23
Osvaldo,Carter,1999-06-12
Finley,Mckinney,1935-02-28
Rodrigo,Jefferson,1965-06-21
Mira,Marshall,1930-12-16
Julia,Santiago,1955-12-17
Lila,Cochran,1979-09-19
Shannon,Vang,1931-06-10
Ryker,Nelson,2020-04-07
Anastasia,Acevedo,1964-02-20
Briana,Williamson,2002-06-25
Jaliyah,Benitez,1997-12-19
Ana,Hardin,1941-11-03
Linda,Bray,1932-02-19
Jamie,Meyer,1943-06-03
Azul,Blair,2009-09-17
Rashad,Harvey,1961-07-14
Mareli,Frank,1998-06-03
Aliyah,Knight,1959-09-24
Jase,Peterson,1956-09-28
Xiomara,Arroyo,1948-12-16
Lillie,Golden,1965-06-24
Donavan,Peck,2007-10-27
Kaylin,Hawkins,2002-03-05
Elisha,Gilbert,1971-06-20
Valentin,Manning,1932-04-26
Elsa,Galloway,2011-04-14
Leonard,Bonilla,1942-06-30
Rebekah,Galloway,2005-01-25
Camryn,Duran,1928-03-08
Brooke,Webster,1926-07-01
Remington,Terry,1940-09-21
Cheyenne,Koch,1977-02-12
Barrett,Christian,1999-02-27
Zion,Price,1954-03-04
Emerson,Anderson,1996-11-21
Kaliyah,Valenzuela,1958-07-01
Jesse,Kelly,1939-06-02
Kimora,Mcknight,1975-08-29
Alia,Gaines,1953-12-09
Raphael,Mcguire,2001-04-07
Efrain,Lara,1960-01-11
Kamora,Maynard,1954-04-03
Natalee,Adams,1944-05-13
Riya,Rich,1995-08-17
Ximena,Hensley,1977-11-06
Lee,Vaughan,1971-01-06
Sherlyn,Jimenez,2011-09-14
Macey,Moss,1966-03-23
Eileen,Mayer,1970-03-19
Carolyn,Maddox,1930-11-13
Steve,Eaton,2001-04-25
Brynn,Fowler,1950-02-02
Jazlynn,Spears,1977-06-08
Aldo,Levy,2015-07-24
Vaughn,Bolton,1965-08-28
Angelina,Mcdowell,2000-11-23
Arturo,Williams,1948-04-09
Tanner,Huber,2016-09-04
Harold,Moran,1950-12-19
Marisa,Durham,1937-01-09
Sonny,Choi,2020-08-12
Destiny,Robertson,2003-05-18
Josue,Bates,1981-10-08
Angelique,Larsen,2009-08-04
Trevor,Bernard,2018-04-19
Erika,Benjamin,1984-11-19
Noe,Richards,1943-06-22
Arely,Mcknight,1958-09-23
Gilbert,Barr,1974-09-30
Mya,Stevenson,1923-02-28
Ashley,Stokes,1946-12-15
Damien,Villegas,1968-10-25
Jaxon,Michael,1921-03-24
Matias,Gillespie,1971-12-18
Matthias,Robbins,2015-10-04
Gemma,Murray,1953-05-18
Jameson,Nguyen,1993-08-25
Kayla,Best,1970-04-01
Aileen,Hogan,1967-12-05
Ali,Colon,1921-10-27
Evelin,Steele,1990-05-15
Elisa,Lozano,2003-03-25
Adonis,Ortiz,1966-09-16
Jimena,Chang,1939-11-15
Kael,Medina,2006-03-22
Jasmin,Haney,1962-06-20
Jaslyn,Bolton,1929-10-02
Peyton,Chang,1924-12-24
Elisa,Burke,2017-03-30
Noelle,Steele,1981-08-26
Tamara,Barber,1954-01-04
Reina,Knox,1997-04-28
Yareli,Herring,2011-03-04
Arnav,Morrison,1977-10-18
Alec,Evans,2019-04-10
Hudson,Finley,1936-06-10
Milagros,Parrish,1994-01-25
Sydnee,Stewart,1996-08-01
Bridger,Rollins,1948-06-10
Misael,Moss,1932-12-17
Jaydin,Hodge,2003-02-05
Kaitlyn,Freeman,2009-12-20
Janessa,Cook,1927-03-12
Sidney,Peters,1924-11-19
Angie,Rios,1998-04-29
Quinn,Mcfarland,1920-10-08
Gordon,Colon,1998-09-12
Diego,Herman,1941-09-27
Brayden,Hogan,1966-12-06
Nelson,Good,1990-06-30
Brenton,Allison,2006-07-18
Raphael,Andersen,1953-03-07
Gwendolyn,Robles,1934-10-14
Eden,Mclean,1930-12-20
Danica,Curtis,1949-02-23
Branson,Gibson,2021-04-21
Karissa,Conrad,1937-09-29
Ashlyn,Russo,1934-01-08
Scarlet,Roy,1981-06-13
Jamar,Jordan,1974-08-01
Kaelyn,May,1970-02-03
Arielle,Giles,1957-08-30
Jayla,Dillon,1993-11-28
Blaze,Garza,1954-05-05
Damien,Dorsey,1954-08-24
Londyn,Allison,1987-05-30
Jeremiah,Gardner,1925-12-02
Autumn,Caldwell,2008-11-07
Josh,Novak,1958-07-16
Boston,Middleton,1931-06-13
Hunter,Pitts,1986-09-23
Rodolfo,Bender,1987-04-16
Julia,Rhodes,1945-08-16
Avery,Jacobson,2021-03-19
Koen,Grimes,1948-02-02
Jaxon,Tran,1932-08-29
Kaelyn,Baxter,1978-01-13
Reina,Brown,1946-06-04
Ignacio,Rasmussen,1990-03-13
Janet,Bartlett,1923-03-14
Jaiden,Lam,1926-03-08
Darnell,Russo,1992-07-05
Gracie,Calderon,1944-11-14
Dexter,Haas,1926-03-26
Aaden,Martin,1946-01-11
Elliott,Bonilla,2007-09-09
Maritza,Vang,1948-08-28
Ezra,Quinn,1921-05-07
Peyton,Davies,1971-06-22
Salma,Baird,1937-10-21
Sonia,Cooley,1948-01-18
Marisol,Beard,2016-03-05
Riley,Wright,1957-01-15
Eli,Wallace,1921-08-14
Spencer,Sanchez,1972-03-22
Kyan,Weaver,1937-06-05
Nikolai,Giles,1923-11-05
Amir,Clarke,1923-12-10
Izayah,Hawkins,2011-01-20
Quinton,Hammond,2008-12-11
Kolby,Reyes,1948-02-14
Madalynn,Carney,1966-10-05
Iyana,Pennington,1925-01-01
Arielle,Kane,1948-04-10
Joslyn,Graham,1974-05-15
Roderick,Estrada,2021-04-11
Ronin,Keith,2017-05-21
Raul,Marks,1935-03-20
Briley,Perez,2008-04-01
Kody,Day,1995-09-29
Lane,Daniels,2001-06-20
Jarrett,Hahn,1995-01-06
Nancy,Hester,1949-11-09
Lia,Barajas,1959-12-20
Yair,Mooney,2012-01-10
Aditya,James,2004-06-26
Sophie,Morse,1956-04-16
Valerie,Benton,2015-12-18
Elijah,Snyder,1953-01-20
Danica,Davidson,1936-05-05
Zaria,Meza,1931-05-07
Karla,Jimenez,1975-10-20
Bradley,Sanders,1955-07-10
Parker,Tyler,1926-01-05
Jerry,Church,1940-08-21
Khloe,Barry,1980-08-30
Broderick,Hunt,1942-08-10
Shania,Decker,1955-01-23
Spencer,Tate,1959-01-27
Kenley,Tyler,1966-02-27
Misael,Rios,2007-10-17
Brent,Mann,1988-11-16
Avery,Lopez,1984-07-02
Beckham,Maxwell,2015-06-18
Rigoberto,Stuart,1975-09-15
Wilson,Crawford,1962-07-24
Christina,May,1960-10-23
Margaret,Valencia,1959-02-05
Brielle,Wood,1974-03-06
Aniyah,Cuevas,1963-08-05
Megan,Forbes,1920-03-25
Zaria,Mckinney,1923-02-10
Juliana,Banks,1925-03-23
Kaylyn,Alexander,1930-03-21
Campbell,Vaughn,1957-10-09
Alejandra,Hunt,1937-12-02
Johnathon,Curry,1977-03-16
Ann,Benitez,1988-08-14
Heaven,Delgado,1960-04-08
Jonas,Mcdaniel,1943-11-29
Cullen,Zavala,1956-01-26
Javier,Elliott,1939-09-26
Nico,Lowery,1973-09-27
Brice,Lester,1955-06-11
Draven,Schmidt,1937-03-28
Trevin,Ibarra,1942-02-01
Angelique,Levine,2003-06-17
Selena,Sellers,1967-10-25
Deandre,Bridges,1996-05-26
Douglas,Delacruz,1989-02-28
Scarlett,Velez,1950-06-15
Jade,Fritz,1957-03-18
Jon,Reed,1921-01-27
Anahi,Hurley,1997-04-27
Leandro,Cantrell,1964-09-15
Malakai,Rubio,1923-07-30
Aidan,Weiss,1938-06-01
Nyasia,Werner,1920-06-23
Gregory,Pennington,2020-12-31
Lainey,George,1967-05-28
Arabella,Liu,1999-12-16
Kobe,Mooney,1933-05-13
Terrance,Shepherd,1984-11-29
Clayton,Franklin,1972-12-13
Noel,Riggs,1952-06-07
Jaylah,Leblanc,1936-10-25
Brisa,Bryant,1946-09-29
Sanai,Jefferson,1975-03-06
Caylee,Rollins,1991-11-07
Darren,Cochran,1958-01-27
Heather,Bird,1986-02-19
Taniyah,Adams,2016-12-21
Evan,Obrien,1983-10-06
Selah,Noble,2021-07-13
Marin,Ortiz,2009-09-05
Silas,Yang,1992-08-18
Mckenzie,Willis,1977-02-13
Demetrius,Hammond,1933-07-17
Chana,Mcgee,1944-04-24
Darwin,Gregory,2010-10-14
Collin,Schwartz,1965-08-07
Alison,Alvarez,1965-12-06
Roberto,Hardin,1944-08-28
Armani,Jones,1982-06-10
Marvin,Powell,1924-12-20
Melody,Mullen,2007-02-18
Brenna,Crosby,1954-02-01
Jenny,Kirby,2020-12-10
Emelia,Daugherty,1993-03-20
Mollie,Jordan,1949-01-06
Kimora,Wright,1924-08-17
Peter,Hendricks,1989-12-25
Kiley,Walsh,1944-06-24
Derick,Brady,2001-03-17
Zoie,Flores,1979-05-27
Karly,Hodge,1925-03-09
Amina,Savage,1976-10-26
Jesus,Lucas,1953-08-19
Clarence,Ponce,1975-09-06
Camila,Todd,1970-09-20
Timothy,Fischer,1970-07-30
Chase,Kim,1990-01-09
Nataly,Miles,1999-08-10
Averie,Armstrong,2016-02-23
Oscar,Johnston,1958-05-05
Jalen,Leach,1954-07-25
Johnathan,French,1993-06-18
Caiden,Weaver,1935-11-08
Javon,Raymond,1923-03-24
Dorian,Mays,1962-05-14
Aleah,Delgado,1990-07-06
Cynthia,Beasley,1941-08-16
Kiana,Pitts,1986-10-10
Kiara,Gill,1957-06-03
Maya,Perry,2003-03-28
Karson,Good,1964-06-04
Ali,Cooper,1934-04-01
Payton,Lara,1922-10-15
Leo,Jacobson,1993-06-12
Franklin,Foster,1987-03-06
Makaila,May,1957-04-12
Kaylyn,Lloyd,2013-06-08
Marley,Barron,1920-08-31
August,Gallegos,2020-02-13
Aniyah,Carr,1953-11-14
Augustus,Bright,1923-11-02
Jaelyn,Castro,2017-11-05
Sara,Wagner,2020-06-27
Annalise,Juarez,1975-03-28
Marley,Clarke,2000-06-14
Rebecca,Lindsey,1971-03-05
Stephen,Rowe,1935-04-23
Gary,Mayo,1986-11-15
Orlando,Dalton,1949-03-16
Moses,Mcmahon,1942-09-27
Kendal,Schmitt,1999-02-17
Layne,Romero,2013-11-10
Shawn,Ayala,1983-08-18
Lawrence,Petersen,1954-11-14
Melissa,Hartman,1947-04-02
Kyla,Beck,1995-10-19
Royce,Bush,1992-03-11
Yamilet,Guzman,1950-04-27
Osvaldo,Noble,1933-08-25
Julianne,Jackson,1998-01-08
Kathryn,Noble,1920-04-04
Lance,Melendez,1952-12-15
Lawson,Vargas,1922-08-04
Celia,Bailey,1933-03-19
Claire,Yoder,1980-05-21
Damion,Logan,1941-06-15
Jadiel,Duke,1993-11-22
Israel,Davis,1938-06-18
Joel,Schmidt,2006-11-09
Eva,Bright,1973-03-13
Matthew,Cline,1948-08-30
Tess,Hayden,1959-05-14
Layne,Watson,1981-12-08
Cornelius,Payne,1945-04-07
Lorelei,Roth,1967-08-25
Makaila,Terry,1954-11-01
Emelia,Harrington,1951-03-13
Neil,Chandler,2004-01-24
Antwan,Diaz,1945-07-08
Kyler,Vazquez,1953-09-02
Cassidy,Crawford,1993-02-03
Arthur,Bradley,2002-04-02
Jaxson,Hawkins,1964-11-24
Jordin,Wyatt,2000-08-29
Jayda,Knapp,1963-06-23
Marley,Ayala,1943-02-03
Cherish,Cabrera,1977-08-29
Prince,Graham,1969-03-11
Rhianna,Morrow,1987-03-20
Dashawn,Aguilar,2016-08-19
Kirsten,Fox,1985-12-29
Kevin,Richardson,1943-09-27
Luke,Gay,1990-07-06
Kade,Krueger,1921-08-13
Jake,Huber,1994-02-20
Casey,Berry,2016-03-07
Julien,Lowe,1945-08-14
Misael,Myers,1948-12-16
Reid,Walsh,1926-04-26
Mara,Mathis,1966-11-27
Jalen,Castaneda,1984-05-30
Sheldon,Avila,1973-12-22
Marely,Koch,1996-11-19
Damian,George,1961-11-14
Cecilia,Glover,1988-06-20
Kaylin,Page,2006-05-13
Brenden,Moore,1925-06-03
Sullivan,Bonilla,2005-06-07
Louis,Blackwell,1940-10-04
Pierce,Stark,1986-08-26
Lailah,Byrd,1947-11-02
Camron,Wyatt,1959-04-06
Glenn,Richmond,1925-09-09
Alivia,Douglas,1958-01-25
Jakayla,Bennett,1921-05-14
Cason,Reid,2003-12-25
Mira,Cooper,1986-06-17
Davion,Wilcox,1949-10-12
Sydney,Houston,2003-05-30
Jakobe,Benton,2010-04-22
Cassie,Roberson,2009-05-18
Adyson,Higgins,1975-08-15
Isaac,Ho,1946-06-28
Jovany,Rosales,2018-04-27
Giovanni,Valenzuela,1984-12-30
Samir,Mullins,1929-04-27
Kenley,Fritz,1944-06-29
Jordyn,Rojas,1940-01-06
Baron,Curtis,2008-06-30
Brodie,Joyce,1989-05-10
Brooklyn,Fernandez,1947-02-25
Serena,Hughes,2006-12-22
Shannon,Shields,2007-05-09
Karissa,Macdonald,2020-03-24
Jarrett,Mckinney,1949-07-24
Braiden,Christensen,1962-04-10
Douglas,Osborn,2018-03-20
Leonard,Cross,2013-10-31
Ashlyn,Vaughan,1966-12-12
Sophie,Conley,1921-12-17
Xavier,Blake,1946-01-03
Leila,Hill,1937-07-18
Adrien,Dodson,1962-12-22
Alvaro,Huynh,1948-02-15
Brenton,Friedman,1938-01-03
Yael,Willis,2008-09-15
Emelia,Hodge,1925-08-13
Chandler,Miles,1970-05-17
Phoenix,Bishop,1950-08-08
Barrett,Haney,1943-05-13
Armando,Blackwell,1989-08-09
Mariam,Gregory,1986-07-30
Kathy,Norman,1980-04-20
Darian,Pace,1985-05-01
Jabari,Vance,1945-08-21
Francisco,Solis,1920-08-27
Teagan,Duncan,1920-01-04
Danielle,Dorsey,1998-06-05
Lamar,Velez,1967-07-26
Tyson,Crawford,1988-03-23
Kaylynn,Perkins,2017-11-26
Alyssa,Maxwell,1925-09-06
Brogan,Ward,2020-02-22
Ralph,Morse,2019-02-28
Raelynn,Ho,1928-07-31
Alden,Christensen,1996-06-27
Joshua,Smith,2008-02-04
Hayden,Garza,2013-12-23
Lawson,Deleon,1961-10-18
Jagger,Gordon,2011-12-28
Braxton,Prince,1934-03-17
Rayan,May,1981-06-01
Brogan,Hernandez,2002-02-15
Allen,Mcconnell,1971-12-22
Tania,Jennings,1980-07-29
Rex,Rivers,1978-07-26
Iyana,Clements,1952-08-07
Madison,Reid,1932-02-23
Todd,Briggs,2020-04-05
Josh,Lowery,2007-10-29
Mitchell,Carroll,1978-03-01
Luna,Phillips,1938-09-18
Jaden,Bell,2013-08-21
Jaida,Mcclure,1924-12-12
Gaige,Chaney,1962-07-25
Kianna,Odonnell,1922-06-21
Kailyn,Newman,1956-11-01
Royce,Mccormick,2012-01-22
Justine,Poole,1998-03-22
Ace,Meza,1989-09-09
Leila,Edwards,1949-12-30
Augustus,Rosario,1922-06-04
Steven,Patterson,2018-08-27
Hadley,Bright,1964-07-08
Jordan,Bautista,1921-06-07
Maximo,Warner,1997-05-08
Hillary,Kirk,1958-01-20
Micah,Liu,2019-07-20
Brayden,Grant,1967-02-20
Rishi,Nicholson,2001-09-09
William,Dorsey,2000-11-19
Madilyn,Rosales,1950-11-04
Sienna,Glenn,1955-04-20
Carley,Avery,1947-08-17
Mauricio,Hoover,1924-09-28
Leah,Cameron,2000-09-16
Nasir,Pugh,1938-08-22
Selah,Eaton,1988-06-13
Alvin,Dunn,1997-05-04
Lucia,Hayes,1967-09-04
Lucia,Lambert,2017-11-24
Vicente,Hudson,2006-02-20
Cade,Meadows,1952-04-26
Tristian,Harris,1936-08-14
Brady,Mullins,1973-05-02
Isiah,Bridges,1938-04-25
Kianna,Malone,2001-08-22
Reese,Nelson,1998-07-01
Tessa,Walter,2016-07-31
Trystan,Dudley,1952-06-20
Valerie,Boyer,1980-08-10
Itzel,Jackson,2020-10-18
Jasmine,Leon,1968-10-03
Micheal,Aguilar,1924-10-05
Sarai,Lamb,1971-07-02
Kyla,Fisher,1944-10-30
Leyla,Bennett,1972-05-16
Luke,Shaffer,1991-08-21
Adriana,Velasquez,1930-06-03
Alani,Clay,1968-01-16
Zain,Mcconnell,2015-02-07
Charlie,Munoz,2002-10-05
Ella,Wagner,1974-06-30
Skye,Hickman,2013-12-19
Kendall,Hickman,1960-05-22
Osvaldo,Mcdonald,1971-06-23
Esteban,Spears,1939-10-17
Maliyah,Chapman,1937-09-24
Serenity,Johnson,1956-04-22
Jesus,Owens,1986-12-11
Valentina,Oneill,2005-01-23
Dixie,Ho,1966-04-13
Iliana,Williams,1976-10-28
Kylee,Dawson,1965-09-19
Evie,Shields,1950-08-08
Javon,Stevens,1970-09-03
Esther,Nielsen,1925-02-22
Maximus,Mckay,1974-03-27
Elias,Morton,1970-05-30
Rashad,Marsh,1970-06-13
Dario,Coleman,1958-04-19
Tristan,French,2017-09-06
Addison,Dixon,1991-11-04
Tristen,Oconnor,2008-10-25
Zaria,Hoover,1983-09-12
Ernesto,Webster,1962-04-27
Dexter,Barry,1989-10-15
Tanya,Sloan,1942-12-12
Derrick,Webster,1938-07-01
Lennon,Patrick,1988-08-21
Alfredo,Garrett,1924-08-13
Reese,Holland,1987-10-31
Adalynn,Butler,1928-09-29
Miguel,Brock,2018-11-29
Abril,Moreno,2018-01-21
Lyric,Cummings,1939-02-22
Adelaide,Beltran,1944-09-05
Alissa,Burke,1954-06-02
Jadon,Kaiser,2018-06-11
Darnell,Estes,1992-03-29
Casey,Moreno,1951-09-12
Talia,Lamb,1941-02-14
Carla,Shannon,1977-06-23
Geovanni,Mathews,2012-08-26
Penelope,Fleming,1959-06-13
Alma,Ponce,1962-09-02
Kira,Blanchard,2010-06-25
Brody,Griffith,1987-05-15
Mercedes,Spears,1954-09-25
Lindsay,Pena,1948-09-06
Marquis,Hill,1943-12-20
Reina,Ford,1987-12-10
Roselyn,Parker,1968-09-18
Mara,Wyatt,1937-02-04
Shyla,Swanson,1978-01-25
Jadyn,Browning,2005-09-08
Chance,Wall,1992-11-07
David,Klein,1929-08-04
Felipe,Frank,1940-12-29
Brent,Zimmerman,1948-08-29
Jessica,Chapman,1985-01-12
Josh,Little,2012-04-30
Coleman,Travis,1922-10-31
Clarissa,Walls,1987-01-22
Seth,Whitaker,1972-08-18
Neveah,Morrison,2003-12-08
Aliza,Watkins,1939-06-25
Arthur,Houston,1968-05-20
Alma,Golden,1959-10-16
Hillary,Hensley,2002-06-16
Colby,Jenkins,1959-08-03
Aaron,Lucero,1970-04-27
Litzy,Wilcox,1937-10-12
Steven,Herring,1990-01-18
Christopher,Calhoun,1968-05-13
Mario,Murphy,1942-02-27
Johnathan,Johnson,1988-08-25
Ariel,Austin,1998-02-27
Gisselle,Bridges,1948-11-27
Cloe,Forbes,1939-08-12
Kendall,Hull,2008-03-09
John,Ewing,1955-11-20
Kyson,Lam,1958-10-25
Danica,Reid,2020-08-18
Janet,Stone,1947-11-12
Aliyah,Huang,1958-03-01
Cannon,Sloan,1996-10-07
Lauren,Jennings,1925-05-05
Kaleigh,Flynn,1997-07-27
Talan,Weeks,1960-11-12
Kali,Hays,1970-09-25
Neil,Gibbs,1936-10-27
Skylar,Gilmore,1977-05-24
Javier,Hinton,1967-02-28
Maren,Jimenez,1972-08-14
Destinee,Savage,1971-02-28
Harley,Hamilton,1975-09-12
Manuel,Elliott,1934-12-13
Janiyah,Sanders,1944-06-25
Eliezer,Daniel,2001-10-05
Xavier,Pham,2012-05-13
Gunnar,Rocha,1969-01-10
Georgia,Snyder,1995-07-12
Sidney,Robles,1995-02-01
Jillian,Howe,2010-02-21
Rishi,Moran,1930-11-03
Caitlyn,Edwards,1999-03-05
Maddison,Richards,1981-08-28
Jamar,Callahan,2016-06-27
Alaina,Daniels,1998-10-09
Amir,Christian,1972-02-11
Adolfo,Landry,1925-01-19
Jack,Randolph,1925-10-26
Luka,Wu,1949-02-28
Mareli,Gregory,2018-12-03
Mohammed,Alvarez,1986-01-25
Skyler,Solis,1980-02-28
Miley,Caldwell,2002-04-17
Makenna,Jensen,2006-03-09
Hazel,Downs,1978-12-27
Skyla,Alexander,1965-12-03
Helen,Bauer,2018-10-09
Juliana,Duarte,1964-10-14
Gavyn,Griffith,1977-06-30
Jason,Mckay,1935-05-09
Makena,Brady,2013-07-22
Amy,Barrera,1935-07-11
Rhianna,Haynes,1984-10-26
Jaiden,Arias,1997-11-17
Miriam,Tran,1960-11-05
Heidy,Snow,1998-07-12
Yahir,Harrell,1984-04-24
Mallory,Holden,1966-10-24
Mila,Weeks,1951-08-31
Mariana,Hansen,1989-01-16
Preston,Noble,1950-06-21
Alijah,Mcpherson,1981-07-06
Maryjane,Flores,2003-10-10
Braydon,Black,1941-12-12
Desirae,Webster,1994-06-11
Wyatt,Rojas,1991-02-23
Arthur,Brock,1936-05-16
River,Martinez,2018-09-04
Mohammad,Duke,1988-09-30
Malia,Frazier,1921-04-11
Lara,Larson,1978-11-27
Zaniyah,Hall,1934-08-23
Frederick,Key,1970-08-22
Cassidy,Sanchez,1986-01-14
Evangeline,Le,2013-09-04
Alayna,Velazquez,1959-09-24
Ellis,Arellano,1939-02-26
Chad,Copeland,1971-04-29
Jaeden,Jenkins,2000-10-25
Cody,Best,1955-04-02
Zaiden,Jacobs,1925-06-25
Dakota,Compton,1943-06-23
Kai,Thompson,1938-10-16
Pranav,Gaines,1922-05-17
Ayaan,Harvey,1989-06-11
Naomi,Evans,1999-06-01
Charlotte,Galloway,1947-10-26
Deanna,Blevins,1939-07-20
Hamza,Bright,1994-10-08
Maryjane,Ware,1940-12-18
Trevin,Farley,1967-05-15
Malaki,Weiss,1934-04-24
Keegan,Lin,2019-05-09
Tyrell,Mcintyre,1983-01-28
Jimena,Dudley,1969-03-07
Laila,Mullins,1994-03-25
Kristin,Sanders,1999-02-17
Wade,Nunez,1997-03-25
Joey,Rollins,2004-11-03
Jaylen,Weiss,1940-11-20
Sammy,Hudson,1922-04-11
Graham,Maddox,2014-07-12
Mattie,Nash,1963-02-09
Houston,Phelps,2006-03-19
Katelynn,Odom,1945-11-28
Cassidy,Ware,1982-10-19
Angelique,Carpenter,1996-01-13
Emanuel,Moreno,1971-08-30
Valerie,Joseph,1989-02-18
Taliyah,Luna,1989-11-20
Elsie,Orozco,1954-04-22
Catherine,Ferrell,1989-01-15
Zachary,Clark,1941-02-12
Lee,Haney,1977-11-25
Deborah,Hayes,1975-07-23
Grady,Floyd,1999-07-31
Brogan,Riddle,2019-08-22
Dahlia,Ali,1989-03-04
Raymond,Glass,1944-10-22
Jaqueline,Dunn,1937-12-26
Scarlett,Moran,1997-10-10
Sarah,Bryant,1946-12-12
Micah,Cisneros,1996-12-28
Lauren,Cooley,1947-11-11
King,Hardy,1951-01-31
Josephine,Dorsey,2007-04-29
Margaret,Watts,1925-07-06
Jaylen,Strong,1949-06-28
Annabel,Buchanan,1954-08-18
Samara,Figueroa,1935-04-11
Lina,Mann,1920-07-20
Madisyn,Bush,1957-01-01
Bryant,Willis,1969-08-28
Azul,Conner,1954-06-05
Selah,Castillo,1979-07-11
Cara,Jarvis,1946-04-02
Mattie,Mora,1998-04-14
Glenn,Farmer,1964-12-14
Ricardo,Morton,1950-06-22
Yareli,Rodgers,1987-05-24
Aliya,Jones,1979-01-11
Naima,Phelps,1928-12-26
Ayanna,Gonzalez,2001-10-28
Miriam,Mata,1991-10-07
Gary,Frye,2016-10-21
Charity,Simmons,1940-04-21
Callum,Rubio,1982-08-23
Andres,Rasmussen,1979-08-29
Dylan,Mendez,1987-12-02
Eliza,Jacobs,1947-03-26
Jesus,Ellison,1990-10-02
Janessa,Holland,1924-09-24
Sarah,Grimes,1970-08-29
Cole,Cabrera,2016-11-18
Hassan,Gentry,1922-08-24
Kasey,Glenn,1981-07-04
Elaine,Huang,1930-04-02