doctor_id,firstname,lastname
100,Shelby,Holt
101,Donald,Beltran
102,Darius,Sims
103,Marisa,Warner
104,Evelyn,Obrien
105,Paris,Villegas
106,Aliza,Bullock
107,Laila,Hoffman
108,Kassandra,Greer
109,John,Pratt
110,Isabella,Sims
111,Amiyah,Alvarado
112,Harrison,Wagner
113,Declan,Russell
114,Zayne,Davidson
115,Ashlee,Durham
116,Tess,Hanson
117,Ayana,Conley
118,Shamar,Romero
119,Joe,Wall
120,Emmett,Alvarez
121,Blaze,Duncan
122,Gillian,Herman
123,Jacey,Compton
124,Aden,Gardner
125,Rylee,Hill
126,Ana,Osborne
127,Lucian,Bates
128,Madden,Brown
129,Walker,Haney
130,Celeste,Downs
131,Dexter,Gillespie
132,Xiomara,Monroe
133,Chance,Vance
134,Gretchen,Hudson
135,Noemi,Villa
136,Landin,Schmitt
137,Azul,Powers
138,Alexandra,Hanna
139,Simon,Cuevas
140,Ezekiel,Greer
141,Braydon,Potts
142,Madeleine,Hess
143,Cole,Ellison
144,Hudson,Mcintosh
145,Shawn,Ballard
146,Levi,Knapp
147,Brian,Rocha
148,Tobias,Watts
149,Scott,Burton
150,Casey,Short
151,Casey,Bartlett
152,Peyton,Krueger
153,Griffin,Watts
154,Marely,Ali
155,Franklin,Zhang
156,Maren,Curry
157,Jalen,Chaney
158,Coleman,Chung
159,Korbin,Liu
160,Trace,Stuart
161,Trace,Cantrell
162,Amaris,Rangel
163,Salvatore,Beltran
164,Aurora,Sherman
165,Raphael,Sims
166,Dylan,Chaney
167,Elena,Collins
168,Solomon,Kerr
169,Andrea,Gomez
170,Kevin,Owens
171,Charles,Luna
172,Lee,Odom
173,Alice,Mcguire
174,Kameron,Conrad
175,Kolton,Rasmussen
176,Eli,Hartman
177,Alannah,Beasley
178,Rhys,Atkins
179,Braden,Boyer
180,Javier,Dean
181,Corbin,Haas
182,Fernanda,Pierce
183,Marley,Mejia
184,Camille,Bass
185,Ali,Alvarado
186,Aniyah,Harvey
187,Jaiden,Ramirez
188,Payten,Huber
189,Madelyn,Hurley
190,Jocelynn,Cisneros
191,Mallory,Barrett
192,Anton,Mcclure
193,Kendall,Mckenzie
194,Mathew,Carlson
195,Desiree,Schmidt
196,Lila,Richard
197,Clarence,Orozco
198,Ireland,Wiggins
199,Melody,Pace