Shelby,Holt
Donald,Beltran
Darius,Sims
Marisa,Warner
Evelyn,Obrien
Paris,Villegas
Aliza,Bullock
Laila,Hoffman
Kassandra,Greer
John,Pratt
Isabella,Sims
Amiyah,Alvarado
Harrison,Wagner
Declan,Russell
Zayne,Davidson
Ashlee,Durham
Tess,Hanson
Ayana,Conley
Shamar,Romero
Joe,Wall
Emmett,Alvarez
Blaze,Duncan
Gillian,Herman
Jacey,Compton
Aden,Gardner
Rylee,Hill
Ana,Osborne
Lucian,Bates
Madden,Brown
Walker,Haney
Celeste,Downs
Dexter,Gillespie
Xiomara,Monroe
Chance,Vance
Gretchen,Hudson
Noemi,Villa
Landin,Schmitt
Azul,Powers
Alexandra,Hanna
Simon,Cuevas
Ezekiel,Greer
Braydon,Potts
Madeleine,Hess
Cole,Ellison
Hudson,Mcintosh
Shawn,Ballard
Levi,Knapp
Brian,Rocha
Tobias,Watts
Scott,Burton
Casey,Short
Casey,Bartlett
Peyton,Krueger
Griffin,Watts
Marely,Ali
Franklin,Zhang
Maren,Curry
Jalen,Chaney
Coleman,Chung
Korbin,Liu
Trace,Stuart
Trace,Cantrell
Amaris,Rangel
Salvatore,Beltran
Aurora,Sherman
Raphael,Sims
Dylan,Chaney
Elena,Collins
Solomon,Kerr
Andrea,Gomez
Kevin,Owens
Charles,Luna
Lee,Odom
Alice,Mcguire
Kameron,Conrad
Kolton,Rasmussen
Eli,Hartman
Alannah,Beasley
Rhys,Atkins
Braden,Boyer
Javier,Dean
Corbin,Haas
Fernanda,Pierce
Marley,Mejia
Camille,Bass
Ali,Alvarado
Aniyah,Harvey
Jaiden,Ramirez
Payten,Huber
Madelyn,Hurley
Jocelynn,Cisneros
Mallory,Barrett
Anton,Mcclure
Kendall,Mckenzie
Mathew,Carlson
Desiree,Schmidt
Lila,Richard
Clarence,Orozco
Ireland,Wiggins
Melody,Pace
