Last name,First name
Hooper,Micaela
Flores,Nyla
Pace,Kane
Noble,Myah
Bush,Jayvon
Lynn,Soren
Hopkins,Alanna
Maldonado,Oswaldo
Adkins,Finnegan
Cook,Keyon
Hendrix,Juliana
Schaefer,Essence
Meza,Natasha
Spencer,Tania
Perkins,Grant
Green,Monica
Holt,Jennifer
Bradford,Miley
Dickerson,Chasity
Bates,Carmen
Henderson,Moriah
Cowan,Stella
Callahan,Kailyn
Meyers,Cael
Torres,Litzy
Matthews,Gilberto
Carpenter,Leilani
Braun,Elizabeth
Moran,Yesenia
Sweeney,Kellen
Archer,Cameron
Owens,Rigoberto
Bright,Dixie
Gomez,Iris
Benjamin,Alisa
Pineda,Taniyah
Wilson,Bradyn
Petty,Augustus
Downs,Averi
Choi,Adrianna
Bartlett,Isabel
Browning,Damian
Greene,Estrella
Guzman,India
Foley,Jaydan
Vaughn,Emmalee
Dunn,Adeline
Fletcher,Roman
Sparks,Miah
Compton,Branden
Hanna,Mitchell
Solis,Taliyah
Nielsen,Fernando
Rosales,Trent
Clayton,Dangelo
Faulkner,Jerome
Lawson,Raphael
Mcgee,Claire
Caldwell,Kayden
Jenkins,Angela
Dennis,Cierra
Kim,Nathalia
Adams,Alyvia
Lozano,Miranda
Roy,Jaime
Booth,Nelson
Cantu,Baylee
Valenzuela,Messiah
Goodwin,Reyna
Elliott,Savion
Key,Zachery
Shepherd,Leroy
Bryant,Justin
Pratt,Mara
Crosby,Shaylee
Maynard,Alyssa
Day,Jude
Phelps,Rodney
Reilly,Kolten
Carter,Angelina
Gordon,Carmelo
Houston,Gina
Pham,Rhys
Holland,Adan
Madden,Francesca
Cole,Billy
Brennan,Kenya
Combs,Mark
Christian,Richard
Coleman,Dillon
White,Maleah
Vaughan,Kristin
Mcgrath,Arabella
Kirby,Yadira
Newton,Cassidy
Macias,Quinn
Mckay,Mathias
Baldwin,Ciara
Parrish,Eliezer
Frey,Zaria
Donaldson,Javion
Lang,Madilyn
Mcdonald,Kadence
Burton,Jadyn
Keith,Cristian
Camacho,Alejandro
Walsh,Alec
Savage,Josephine
Vance,Jada
Harvey,Quintin
Randolph,Aryan
Hobbs,Mylie
Franco,Jayden
Boyle,Aliya
Merritt,Danna
Boone,Ana
Campos,Sandra
Lowe,Cameron
Olsen,Camila
Wilkinson,Christine
Vang,Osvaldo
Lester,Connor
Bridges,Madeline
Mclaughlin,Camden
Pena,Kaiden
Klein,Kaylin
Sutton,Cynthia
Valentine,Colt
Michael,William
Roach,Piper
Bowers,Brynlee
Page,Karli
Spears,Deja
Mcknight,Campbell
Burns,Ashtyn
Hill,Chance
Jennings,Seth
Hodge,Nathan
Cohen,Arianna
Benton,Adyson
Marks,Zavier
Harrell,Daphne
Sosa,Fernanda
Rojas,Gianni
Robles,Reese
Burnett,Kayla
Miller,Gavin
Prince,Emmy
Shea,Jon
Flynn,Antwan
Webb,Slade
Coffey,Jasper
Francis,Jovani
Walter,Bennett
Garrison,Haylee
Nguyen,Desmond
Rose,Hallie
Duran,Elise
Mendoza,Jameson
Martinez,Renee
Benitez,Clinton
Davila,Yurem
Christensen,Cindy
Malone,Perla
Larsen,Makena
Hudson,Bethany
Navarro,Kristian
Mcclain,Julius
Collier,Teagan
Villa,Marlene
Cain,Lorelai
Lloyd,Jaqueline
Morse,Adalynn
Foster,Raelynn
Townsend,Sarai
Rios,Glenn
Whitehead,Brielle
Lambert,Sammy
Collins,Joaquin
Casey,Krystal
Hayes,Melissa
Serrano,Keaton
Romero,Michelle
Davies,Kailee
Jarvis,Enzo
Beasley,Kailey
Arnold,Dakota
Russo,Zack
Chen,Isiah
Anthony,Elisabeth
Melendez,Muhammad
Chung,Mohammad
Delacruz,Vincent
Hahn,Diya
Stephenson,Colby
Craig,Amanda
Nunez,Melody
Mcintosh,Edgar
Cross,Roy
Watkins,Arielle
